{
                        "id": "28",
                        "type": 4,
                        "app_component_ids": null,
                        "props": {},
                        "widgets": [
                            {
                                "type": 15,
                                "id": "30",
                                "previewState": 1,
                                "props": {
                                    "margin": {
                                        "top": 0,
                                        "bottom": 0,
                                        "left": 0,
                                        "right": 0
                                    },
                                    "padding": {
                                        "top": 0,
                                        "bottom": 0,
                                        "left": 0,
                                        "right": 0
                                    },
                                    "width": "fullWidth",
                                    "height": "fullHeight",
                                    "constWidth": 100,
                                    "constHeight": 100,
                                    "hasBg": true,
                                    "bgColor": "#d4abab",
                                    "bgOpacity": 50,
                                    "horiAlignment": "center",
                                    "verAlignment": "center",
                                    "hasBorder": false,
                                    "borderWidth": 10,
                                    "borderColor": "#000000",
                                    "borderOpacity": 100,
                                    "roundness": 10,
                                    "border": {
                                        "top": 10,
                                        "bottom": 10,
                                        "left": 10,
                                        "right": 10
                                    },
                                    "hasAction": false,
                                    "clickType": "",
                                    "target": null,
                                    "hasTransition": false,
                                    "transition": "flyUp",
                                    "orientation": "vertical",
                                    "asset": "",
                                    "bgObjectFit": "cover",
                                    "bgHeight": 200,
                                    "bgWidth": 200,
                                    "bgLeft": 50,
                                    "bgTop": 50,
                                    "horiContentAlignment": "center",
                                    "verContentAlignment": "top",
                                    "children": []
                                },
                                "widgets": [
                                    {
                                        "type": 1,
                                        "id": "31",
                                        "previewState": 1,
                                        "props": {
                                            "text": "Text",
                                            "fontColor": "#333333",
                                            "fontSize": 36,
                                            "fontWeight": 500,
                                            "lineHeight": 54,
                                            "alignment": "center",
                                            "margin": {
                                                "top": 0,
                                                "bottom": 0,
                                                "left": 0,
                                                "right": 0
                                            },
                                            "padding": {
                                                "top": 0,
                                                "bottom": 0,
                                                "left": 0,
                                                "right": 0
                                            },
                                            "autoLink": true,
                                            "style": "normal",
                                            "width": "hugContent",
                                            "height": "hugContent",
                                            "constWidth": 100,
                                            "constHeight": 100,
                                            "horiAlignment": "center",
                                            "verAlignment": "top",
                                            "hasBg": false,
                                            "bgColor": "#FFFFFF",
                                            "bgOpacity": 50,
                                            "hasBorder": false,
                                            "borderColor": "#000000",
                                            "borderOpacity": 50,
                                            "roundness": 10,
                                            "border": {
                                                "top": 10,
                                                "bottom": 10,
                                                "left": 10,
                                                "right": 10
                                            },
                                            "hasAction": false,
                                            "clickType": "",
                                            "target": null,
                                            "hasTransition": false,
                                            "transition": "flyUp",
                                            "asset": "",
                                            "bgObjectFit": "cover",
                                            "bgHeight": 200,
                                            "bgWidth": 200,
                                            "bgLeft": 50,
                                            "bgTop": 50
                                        }
                                    },
                                    {
                                        "type": 2,
                                        "id": "32",
                                        "previewState": 1,
                                        "props": {
                                            "height": 512,
                                            "width": 512,
                                            "padding": {
                                                "top": 0,
                                                "bottom": 0,
                                                "left": 0,
                                                "right": 0
                                            },
                                            "margin": {
                                                "top": 0,
                                                "bottom": 0,
                                                "left": 0,
                                                "right": 0
                                            },
                                            "elevation": 5,
                                            "roundness": 10,
                                            "hasBorder": false,
                                            "borderWidth": 2,
                                            "borderColor": "#DDDDDD",
                                            "borderOpacity": 50,
                                            "border": {
                                                "top": 10,
                                                "bottom": 10,
                                                "left": 10,
                                                "right": 10
                                            },
                                            "asset": "assets/a9064dae-95fc-4d24-b0d5-b190cdf0521d/bronze.png?ar=512x512&d=-1&t=img",
                                            "autoDimension": true,
                                            "alignment": "center",
                                            "hasAction": false,
                                            "clickType": "",
                                            "target": null,
                                            "hasTransition": false,
                                            "transition": "flyUp",
                                            "horiAlignment": "left",
                                            "verAlignment": "center"
                                        }
                                    },
                                    {
                                        "type": 4,
                                        "id": "33",
                                        "previewState": 1,
                                        "props": {
                                            "text": "Click Here",
                                            "fontColor": "#000000",
                                            "fontSize": 32,
                                            "lineHeight": 48,
                                            "fontWeight": 500,
                                            "alignment": "center",
                                            "margin": {
                                                "top": 0,
                                                "bottom": 0,
                                                "left": 0,
                                                "right": 0
                                            },
                                            "padding": {
                                                "top": 12,
                                                "bottom": 12,
                                                "left": 32,
                                                "right": 32
                                            },
                                            "elevation": 2,
                                            "style": "normal",
                                            "hasBg": false,
                                            "bgColor": "#c6c6c6",
                                            "bgOpacity": 100,
                                            "hasBorder": false,
                                            "borderColor": "#000000",
                                            "borderOpacity": 50,
                                            "roundness": 10,
                                            "border": {
                                                "top": 10,
                                                "bottom": 10,
                                                "left": 10,
                                                "right": 10
                                            },
                                            "width": "hugContent",
                                            "height": "hugContent",
                                            "constWidth": 100,
                                            "constHeight": 100,
                                            "horiAlignment": "right",
                                            "verAlignment": "center",
                                            "hasAction": true,
                                            "clickType": "",
                                            "target": null,
                                            "hasTransition": false,
                                            "transition": "flyUp"
                                        }
                                    },
                                    {
                                        "type": 15,
                                        "id": "34",
                                        "previewState": 1,
                                        "props": {
                                            "margin": {
                                                "top": 0,
                                                "bottom": 0,
                                                "left": 0,
                                                "right": 0
                                            },
                                            "padding": {
                                                "top": 0,
                                                "bottom": 0,
                                                "left": 0,
                                                "right": 0
                                            },
                                            "width": "fullWidth",
                                            "height": "hugContent",
                                            "constWidth": 100,
                                            "constHeight": 100,
                                            "hasBg": true,
                                            "bgColor": "#6c2e2e",
                                            "bgOpacity": 50,
                                            "horiAlignment": "center",
                                            "verAlignment": "center",
                                            "hasBorder": false,
                                            "borderWidth": 10,
                                            "borderColor": "#000000",
                                            "borderOpacity": 100,
                                            "roundness": 10,
                                            "border": {
                                                "top": 10,
                                                "bottom": 10,
                                                "left": 10,
                                                "right": 10
                                            },
                                            "hasAction": false,
                                            "clickType": "",
                                            "target": null,
                                            "hasTransition": false,
                                            "transition": "flyUp",
                                            "orientation": "vertical",
                                            "asset": "",
                                            "bgObjectFit": "cover",
                                            "bgHeight": 200,
                                            "bgWidth": 200,
                                            "bgLeft": 50,
                                            "bgTop": 50,
                                            "horiContentAlignment": "center",
                                            "verContentAlignment": "center",
                                            "children": []
                                        },
                                        "widgets": [
                                            {
                                                "type": 2,
                                                "id": "35",
                                                "previewState": 1,
                                                "props": {
                                                    "height": 225,
                                                    "width": 225,
                                                    "padding": {
                                                        "top": 0,
                                                        "bottom": 0,
                                                        "left": 0,
                                                        "right": 0
                                                    },
                                                    "margin": {
                                                        "top": 0,
                                                        "bottom": 0,
                                                        "left": 0,
                                                        "right": 0
                                                    },
                                                    "elevation": 5,
                                                    "roundness": 10,
                                                    "hasBorder": false,
                                                    "borderWidth": 2,
                                                    "borderColor": "#DDDDDD",
                                                    "borderOpacity": 50,
                                                    "border": {
                                                        "top": 10,
                                                        "bottom": 10,
                                                        "left": 10,
                                                        "right": 10
                                                    },
                                                    "asset": "assets/a9064dae-95fc-4d24-b0d5-b190cdf0521d/images.png?ar=225x225&d=-1&t=img",
                                                    "autoDimension": true,
                                                    "alignment": "center",
                                                    "hasAction": false,
                                                    "clickType": "",
                                                    "target": null,
                                                    "hasTransition": false,
                                                    "transition": "flyUp",
                                                    "horiAlignment": "center",
                                                    "verAlignment": "center"
                                                }
                                            },
                                            {
                                                "type": 1,
                                                "id": "36",
                                                "previewState": 1,
                                                "props": {
                                                    "text": "Text",
                                                    "fontColor": "#333333",
                                                    "fontSize": 36,
                                                    "fontWeight": 500,
                                                    "lineHeight": 54,
                                                    "alignment": "center",
                                                    "margin": {
                                                        "top": 20,
                                                        "bottom": 0,
                                                        "left": 0,
                                                        "right": 0
                                                    },
                                                    "padding": {
                                                        "top": 0,
                                                        "bottom": 0,
                                                        "left": 0,
                                                        "right": 0
                                                    },
                                                    "autoLink": true,
                                                    "style": "normal",
                                                    "width": "fullWidth",
                                                    "height": "hugContent",
                                                    "constWidth": 100,
                                                    "constHeight": 100,
                                                    "horiAlignment": "center",
                                                    "verAlignment": "center",
                                                    "hasBg": true,
                                                    "bgColor": "#1a1818",
                                                    "bgOpacity": 50,
                                                    "hasBorder": false,
                                                    "borderColor": "#000000",
                                                    "borderOpacity": 50,
                                                    "roundness": 10,
                                                    "border": {
                                                        "top": 10,
                                                        "bottom": 10,
                                                        "left": 10,
                                                        "right": 10
                                                    },
                                                    "hasAction": false,
                                                    "clickType": "",
                                                    "target": null,
                                                    "hasTransition": false,
                                                    "transition": "flyUp",
                                                    "asset": "",
                                                    "bgObjectFit": "cover",
                                                    "bgHeight": 200,
                                                    "bgWidth": 200,
                                                    "bgLeft": 50,
                                                    "bgTop": 50
                                                }
                                            },
                                            {
                                                "type": 4,
                                                "id": "38",
                                                "previewState": 1,
                                                "props": {
                                                    "text": "Click Here",
                                                    "fontColor": "#000000",
                                                    "fontSize": 32,
                                                    "lineHeight": 48,
                                                    "fontWeight": 500,
                                                    "alignment": "center",
                                                    "margin": {
                                                        "top": 30,
                                                        "bottom": 30,
                                                        "left": 0,
                                                        "right": 0
                                                    },
                                                    "padding": {
                                                        "top": 12,
                                                        "bottom": 12,
                                                        "left": 32,
                                                        "right": 32
                                                    },
                                                    "elevation": 2,
                                                    "style": "normal",
                                                    "hasBg": false,
                                                    "bgColor": "#c6c6c6",
                                                    "bgOpacity": 100,
                                                    "hasBorder": false,
                                                    "borderColor": "#000000",
                                                    "borderOpacity": 50,
                                                    "roundness": 10,
                                                    "border": {
                                                        "top": 10,
                                                        "bottom": 10,
                                                        "left": 10,
                                                        "right": 10
                                                    },
                                                    "width": "hugContent",
                                                    "height": "hugContent",
                                                    "constWidth": 100,
                                                    "constHeight": 100,
                                                    "horiAlignment": "center",
                                                    "verAlignment": "center",
                                                    "hasAction": true,
                                                    "clickType": "",
                                                    "target": null,
                                                    "hasTransition": false,
                                                    "transition": "flyUp"
                                                }
                                            }
                                        ]
                                    }
                                ]
                            }
                        ],
                        "name": "Page",
                        "ui_trigger": null
                    }
