{
    "id": "2",
    "type": 4,
    "app_component_ids": null,
    "props": {},
    "widgets": [
        {
            "type": 15,
            "id": "120",
            "previewState": 1,
            "props": {
                "margin": {
                    "top": 0,
                    "bottom": 0,
                    "left": 0,
                    "right": 0
                },
                "padding": {
                    "top": 0,
                    "bottom": 0,
                    "left": 0,
                    "right": 0
                },
                "width": "fullWidth",
                "height": "fullHeight",
                "constWidth": 100,
                "constHeight": 100,
                "hasBg": false,
                "bgColor": "#FFFFFF",
                "bgOpacity": 50,
                "horiAlignment": "center",
                "verAlignment": "center",
                "hasBorder": false,
                "borderWidth": 10,
                "borderColor": "#000000",
                "borderOpacity": 50,
                "roundness": 10,
                "border": {
                    "top": 10,
                    "bottom": 10,
                    "left": 10,
                    "right": 10
                },
                "hasAction": false,
                "clickType": "",
                "target": null,
                "hasTransition": false,
                "transition": "flyUp",
                "orientation": "vertical",
                "asset": "",
                "bgObjectFit": "cover",
                "bgHeight": 200,
                "bgWidth": 200,
                "bgLeft": 50,
                "bgTop": 50,
                "horiContentAlignment": "center",
                "verContentAlignment": "center",
                "children": []
            },
            "widgets": [
                {
                    "type": 15,
                    "id": "150",
                    "previewState": 1,
                    "props": {
                        "margin": {
                            "top": 0,
                            "bottom": 0,
                            "left": 0,
                            "right": 0
                        },
                        "padding": {
                            "top": 0,
                            "bottom": 0,
                            "left": 0,
                            "right": 0
                        },
                        "width": "fullWidth",
                        "height": "fullHeight",
                        "constWidth": 100,
                        "constHeight": 100,
                        "hasBg": true,
                        "bgColor": "#ff0000",
                        "bgOpacity": 50,
                        "horiAlignment": "center",
                        "verAlignment": "center",
                        "hasBorder": false,
                        "borderWidth": 10,
                        "borderColor": "#000000",
                        "borderOpacity": 100,
                        "roundness": 10,
                        "border": {
                            "top": 10,
                            "bottom": 10,
                            "left": 10,
                            "right": 10
                        },
                        "hasAction": false,
                        "clickType": "",
                        "target": null,
                        "hasTransition": false,
                        "transition": "flyUp",
                        "orientation": "vertical",
                        "asset": "",
                        "bgObjectFit": "cover",
                        "bgHeight": 200,
                        "bgWidth": 200,
                        "bgLeft": 50,
                        "bgTop": 50,
                        "horiContentAlignment": "center",
                        "verContentAlignment": "center",
                        "children": []
                    },
                    "widgets": [
                        {
                            "type": 1,
                            "id": "153",
                            "previewState": 1,
                            "props": {
                                "text": "Container 1",
                                "fontColor": "#333333",
                                "fontSize": 36,
                                "fontWeight": 500,
                                "lineHeight": 54,
                                "alignment": "center",
                                "margin": {
                                    "top": 0,
                                    "bottom": 0,
                                    "left": 0,
                                    "right": 0
                                },
                                "padding": {
                                    "top": 0,
                                    "bottom": 0,
                                    "left": 0,
                                    "right": 0
                                },
                                "autoLink": true,
                                "style": "normal",
                                "width": "hugContent",
                                "height": "hugContent",
                                "constWidth": 100,
                                "constHeight": 100,
                                "horiAlignment": "center",
                                "verAlignment": "center",
                                "hasBg": false,
                                "bgColor": "#FFFFFF",
                                "bgOpacity": 50,
                                "hasBorder": false,
                                "borderColor": "#000000",
                                "borderOpacity": 50,
                                "roundness": 10,
                                "border": {
                                    "top": 10,
                                    "bottom": 10,
                                    "left": 10,
                                    "right": 10
                                },
                                "hasAction": false,
                                "clickType": "",
                                "target": null,
                                "hasTransition": false,
                                "transition": "flyUp",
                                "asset": "",
                                "bgObjectFit": "cover",
                                "bgHeight": 200,
                                "bgWidth": 200,
                                "bgLeft": 50,
                                "bgTop": 50
                            }
                        }
                    ]
                },
                {
                    "type": 15,
                    "id": "151",
                    "previewState": 1,
                    "props": {
                        "margin": {
                            "top": 0,
                            "bottom": 0,
                            "left": 0,
                            "right": 0
                        },
                        "padding": {
                            "top": 0,
                            "bottom": 0,
                            "left": 0,
                            "right": 0
                        },
                        "width": "fullWidth",
                        "height": "fullHeight",
                        "constWidth": 100,
                        "constHeight": 100,
                        "hasBg": false,
                        "bgColor": "#FFFFFF",
                        "bgOpacity": 50,
                        "horiAlignment": "center",
                        "verAlignment": "center",
                        "hasBorder": false,
                        "borderWidth": 10,
                        "borderColor": "#000000",
                        "borderOpacity": 100,
                        "roundness": 10,
                        "border": {
                            "top": 10,
                            "bottom": 10,
                            "left": 10,
                            "right": 10
                        },
                        "hasAction": false,
                        "clickType": "",
                        "target": null,
                        "hasTransition": false,
                        "transition": "flyUp",
                        "orientation": "vertical",
                        "asset": "",
                        "bgObjectFit": "cover",
                        "bgHeight": 200,
                        "bgWidth": 200,
                        "bgLeft": 50,
                        "bgTop": 50,
                        "horiContentAlignment": "center",
                        "verContentAlignment": "center",
                        "children": []
                    },
                    "widgets": [
                        {
                            "type": 1,
                            "id": "154",
                            "previewState": 1,
                            "props": {
                                "text": "Container 2",
                                "fontColor": "#333333",
                                "fontSize": 36,
                                "fontWeight": 500,
                                "lineHeight": 54,
                                "alignment": "center",
                                "margin": {
                                    "top": 0,
                                    "bottom": 0,
                                    "left": 0,
                                    "right": 0
                                },
                                "padding": {
                                    "top": 0,
                                    "bottom": 0,
                                    "left": 0,
                                    "right": 0
                                },
                                "autoLink": true,
                                "style": "normal",
                                "width": "hugContent",
                                "height": "hugContent",
                                "constWidth": 100,
                                "constHeight": 100,
                                "horiAlignment": "center",
                                "verAlignment": "center",
                                "hasBg": false,
                                "bgColor": "#FFFFFF",
                                "bgOpacity": 50,
                                "hasBorder": false,
                                "borderColor": "#000000",
                                "borderOpacity": 50,
                                "roundness": 10,
                                "border": {
                                    "top": 10,
                                    "bottom": 10,
                                    "left": 10,
                                    "right": 10
                                },
                                "hasAction": false,
                                "clickType": "",
                                "target": null,
                                "hasTransition": false,
                                "transition": "flyUp",
                                "asset": "",
                                "bgObjectFit": "cover",
                                "bgHeight": 200,
                                "bgWidth": 200,
                                "bgLeft": 50,
                                "bgTop": 50
                            }
                        }
                    ]
                }
            ]
        },
        {
            "type": 1,
            "id": "155",
            "previewState": 1,
            "props": {
                "text": "TEST FONT SIZE",
                "fontColor": "#333333",
                "fontSize": 42,
                "fontWeight": 500,
                "lineHeight": 54,
                "alignment": "center",
                "margin": {
                    "top": 0,
                    "bottom": 0,
                    "left": 0,
                    "right": 0
                },
                "padding": {
                    "top": 0,
                    "bottom": 0,
                    "left": 0,
                    "right": 0
                },
                "autoLink": true,
                "style": "normal",
                "width": "hugContent",
                "height": "hugContent",
                "constWidth": 100,
                "constHeight": 100,
                "horiAlignment": "center",
                "verAlignment": "center",
                "hasBg": false,
                "bgColor": "#FFFFFF",
                "bgOpacity": 50,
                "hasBorder": false,
                "borderColor": "#000000",
                "borderOpacity": 50,
                "roundness": 10,
                "border": {
                    "top": 10,
                    "bottom": 10,
                    "left": 10,
                    "right": 10
                },
                "hasAction": false,
                "clickType": "",
                "target": null,
                "hasTransition": false,
                "transition": "flyUp",
                "asset": "",
                "bgObjectFit": "cover",
                "bgHeight": 200,
                "bgWidth": 200,
                "bgLeft": 50,
                "bgTop": 50
            }
        },
        {
            "type": 1,
            "id": "155",
            "previewState": 1,
            "props": {
                "text": "SHUBH",
                "fontColor": "#333333",
                "fontSize": 42,
                "fontWeight": 500,
                "lineHeight": 54,
                "alignment": "center",
                "margin": {
                    "top": 0,
                    "bottom": 0,
                    "left": 0,
                    "right": 0
                },
                "padding": {
                    "top": 0,
                    "bottom": 0,
                    "left": 0,
                    "right": 0
                },
                "autoLink": true,
                "style": "normal",
                "width": "hugContent",
                "height": "hugContent",
                "constWidth": 100,
                "constHeight": 100,
                "horiAlignment": "center",
                "verAlignment": "center",
                "hasBg": false,
                "bgColor": "#FFFFFF",
                "bgOpacity": 50,
                "hasBorder": false,
                "borderColor": "#000000",
                "borderOpacity": 50,
                "roundness": 10,
                "border": {
                    "top": 10,
                    "bottom": 10,
                    "left": 10,
                    "right": 10
                },
                "hasAction": false,
                "clickType": "",
                "target": null,
                "hasTransition": false,
                "transition": "flyUp",
                "asset": "",
                "bgObjectFit": "cover",
                "bgHeight": 200,
                "bgWidth": 200,
                "bgLeft": 50,
                "bgTop": 50
            }
        }
    ],
    "name": "Page",
    "ui_trigger": {
        "event": "hey_container101",
        "props": {
            "": {
                ">": 0
            }
        }
    }
}
